Doctor_ID,Doctor_Name,Specialization,Hospital_ID,Experience_Years,Qualification,Email,Phone
D0001,Dr. Sanjay Thomas,Dermatology,H002,9,"MBBS, MS",doctor0001@example.test,+91-9891827925
D0002,Dr. Fathima Nair,Pediatrics,H007,17,"MBBS, DNB",doctor0002@example.test,+91-9862314365
D0003,Dr. Anjali Joseph,Gynecology,H009,15,"MBBS, MD",doctor0003@example.test,+91-9850264407
D0004,Dr. Fathima Mohan,Cardiology,H001,14,"MBBS, MD",doctor0004@example.test,+91-9892291206
D0005,Dr. Arjun Das,Cardiology,H010,9,"MBBS, MD",doctor0005@example.test,+91-9874549616
D0006,Dr. Gokul Pillai,Pediatrics,H003,25,"MBBS, DNB",doctor0006@example.test,+91-9862479086
D0007,Dr. Amal Kumar,Pediatrics,H010,7,"MBBS, MD",doctor0007@example.test,+91-9847073335
D0008,Dr. Rahul Krishnan,Gynecology,H003,9,"MBBS, MD",doctor0008@example.test,+91-9869509638
D0009,Dr. Vishnu Nair,Orthopedics,H003,25,"MBBS, MD",doctor0009@example.test,+91-9879876471
D0010,Dr. Rahul Krishnan,Diabetology,H005,20,"MBBS, MD",doctor0010@example.test,+91-9898640264
D0011,Dr. Rahul Mohan,Orthopedics,H008,24,"MBBS, DNB",doctor0011@example.test,+91-9830626125
D0012,Dr. Fathima Nair,ENT,H002,17,"MBBS, DNB",doctor0012@example.test,+91-9825144802
D0013,Dr. Asha Pillai,Gynecology,H008,20,"MBBS, DNB",doctor0013@example.test,+91-9840149786
D0014,Dr. Meera Krishnan,Cardiology,H009,24,"MBBS, DNB",doctor0014@example.test,+91-9842385743
D0015,Dr. Neha Nair,Gynecology,H008,25,"MBBS, MD",doctor0015@example.test,+91-9847608285
D0016,Dr. Riya Kumar,Orthopedics,H005,18,"MBBS, MS",doctor0016@example.test,+91-9843722078
D0017,Dr. Anu Menon,Cardiology,H006,20,"MBBS, MD",doctor0017@example.test,+91-9888622613
D0018,Dr. Asha Das,Pediatrics,H008,13,"MBBS, MD",doctor0018@example.test,+91-9875479724
D0019,Dr. Asha Das,Pulmonology,H009,24,"MBBS, MS",doctor0019@example.test,+91-9899597988
D0020,Dr. Sanjay Menon,General Medicine,H007,23,"MBBS, MS",doctor0020@example.test,+91-9823230744
D0021,Dr. Rahul Thomas,Cardiology,H010,16,"MBBS, MS",doctor0021@example.test,+91-9891041439
D0022,Dr. Arjun Kumar,Gynecology,H007,25,"MBBS, DNB",doctor0022@example.test,+91-9871839874
D0023,Dr. Arjun Das,Diabetology,H010,25,"MBBS, MS",doctor0023@example.test,+91-9867954859
D0024,Dr. Asha Pillai,Pediatrics,H001,5,"MBBS, MS",doctor0024@example.test,+91-9854152565
D0025,Dr. Neha Nair,Orthopedics,H002,19,"MBBS, DNB",doctor0025@example.test,+91-9858128991
D0026,Dr. Amal Varghese,ENT,H006,19,"MBBS, MD",doctor0026@example.test,+91-9853555317
D0027,Dr. Devika Thomas,Orthopedics,H008,22,"MBBS, MS",doctor0027@example.test,+91-9897011596
D0028,Dr. Athira Pillai,Gynecology,H006,20,"MBBS, MD",doctor0028@example.test,+91-9854796947
D0029,Dr. Abhinav Thomas,Pulmonology,H006,15,"MBBS, DNB",doctor0029@example.test,+91-9823596009
D0030,Dr. Vishnu Krishnan,Gynecology,H002,20,"MBBS, MS",doctor0030@example.test,+91-9834990286
D0031,Dr. Fathima Joseph,Pediatrics,H007,16,"MBBS, DNB",doctor0031@example.test,+91-9868756373
D0032,Dr. Devika Kumar,Dermatology,H006,5,"MBBS, MD",doctor0032@example.test,+91-9835473149
D0033,Dr. Riya Mohan,Orthopedics,H010,14,"MBBS, MS",doctor0033@example.test,+91-9882243277
D0034,Dr. Sanjay Menon,Gynecology,H003,11,"MBBS, MD",doctor0034@example.test,+91-9822152370
D0035,Dr. Fathima Pillai,Gynecology,H010,15,"MBBS, MS",doctor0035@example.test,+91-9857486185
D0036,Dr. Gokul Menon,Dermatology,H007,14,"MBBS, MS",doctor0036@example.test,+91-9886518436
D0037,Dr. Amal Joseph,ENT,H002,6,"MBBS, MD",doctor0037@example.test,+91-9883549599
D0038,Dr. Anu Joseph,Orthopedics,H003,12,"MBBS, MS",doctor0038@example.test,+91-9839390348
D0039,Dr. Adarsh Thomas,Pediatrics,H004,9,"MBBS, MD",doctor0039@example.test,+91-9849834900
D0040,Dr. Sanjay Joseph,General Medicine,H004,19,"MBBS, DNB",doctor0040@example.test,+91-9884668321
D0041,Dr. Nikhil Das,Pulmonology,H009,10,"MBBS, MS",doctor0041@example.test,+91-9887966489
D0042,Dr. Gokul Varghese,Pulmonology,H007,16,"MBBS, DNB",doctor0042@example.test,+91-9867890079
D0043,Dr. Amal Kumar,ENT,H006,22,"MBBS, DNB",doctor0043@example.test,+91-9820340193
D0044,Dr. Amal Mohan,ENT,H003,23,"MBBS, MD",doctor0044@example.test,+91-9822968305
D0045,Dr. Abhinav Kumar,Neurology,H009,8,"MBBS, MS",doctor0045@example.test,+91-9840578076
D0046,Dr. Amal Joseph,Diabetology,H006,13,"MBBS, MS",doctor0046@example.test,+91-9817140578
D0047,Dr. Adarsh Joseph,Pulmonology,H008,23,"MBBS, DNB",doctor0047@example.test,+91-9818678217
D0048,Dr. Abhinav Joseph,General Medicine,H003,22,"MBBS, MS",doctor0048@example.test,+91-9817723661
D0049,Dr. Akhil Menon,Neurology,H006,16,"MBBS, MD",doctor0049@example.test,+91-9847056223
D0050,Dr. Anu Krishnan,Orthopedics,H010,20,"MBBS, DNB",doctor0050@example.test,+91-9827898844
D0051,Dr. Adarsh Varghese,Pediatrics,H007,22,"MBBS, MS",doctor0051@example.test,+91-9850890916
D0052,Dr. Asha Mohan,Pediatrics,H006,18,"MBBS, MD",doctor0052@example.test,+91-9882425578
D0053,Dr. Anu Krishnan,ENT,H010,6,"MBBS, MS",doctor0053@example.test,+91-9858096857
D0054,Dr. Meera Krishnan,Cardiology,H010,7,"MBBS, MS",doctor0054@example.test,+91-9865527409
D0055,Dr. Amal Krishnan,Pediatrics,H003,10,"MBBS, MD",doctor0055@example.test,+91-9813957752
D0056,Dr. Vishnu Menon,Cardiology,H008,8,"MBBS, DNB",doctor0056@example.test,+91-9887041363
D0057,Dr. Gokul Joseph,Gynecology,H007,9,"MBBS, DNB",doctor0057@example.test,+91-9834560448
D0058,Dr. Athira Pillai,Orthopedics,H002,18,"MBBS, DNB",doctor0058@example.test,+91-9877066159
D0059,Dr. Fathima Das,Dermatology,H002,11,"MBBS, MD",doctor0059@example.test,+91-9857137357
D0060,Dr. Adarsh Menon,ENT,H002,21,"MBBS, DNB",doctor0060@example.test,+91-9812738143
D0061,Dr. Abhinav Nair,General Medicine,H010,16,"MBBS, MD",doctor0061@example.test,+91-9832617447
D0062,Dr. Anu Nair,Diabetology,H001,15,"MBBS, DNB",doctor0062@example.test,+91-9851106043
D0063,Dr. Asha Kumar,Pulmonology,H001,7,"MBBS, MD",doctor0063@example.test,+91-9835297638
D0064,Dr. Devika Mohan,Neurology,H010,11,"MBBS, DNB",doctor0064@example.test,+91-9823014526
D0065,Dr. Athira Krishnan,Pulmonology,H003,10,"MBBS, DNB",doctor0065@example.test,+91-9833822574
D0066,Dr. Adarsh Nair,Dermatology,H009,24,"MBBS, MD",doctor0066@example.test,+91-9882154087
D0067,Dr. Sreya Menon,Orthopedics,H002,16,"MBBS, MS",doctor0067@example.test,+91-9834215127
D0068,Dr. Devika Menon,Diabetology,H010,20,"MBBS, MD",doctor0068@example.test,+91-9891000851
D0069,Dr. Vishnu Joseph,Pulmonology,H003,22,"MBBS, DNB",doctor0069@example.test,+91-9870120895
D0070,Dr. Meera Kumar,Diabetology,H002,12,"MBBS, DNB",doctor0070@example.test,+91-9828975887
D0071,Dr. Nikhil Das,Neurology,H004,6,"MBBS, DNB",doctor0071@example.test,+91-9817868404
D0072,Dr. Rahul Mohan,Pulmonology,H008,7,"MBBS, MS",doctor0072@example.test,+91-9897886323
D0073,Dr. Asha Krishnan,Diabetology,H006,22,"MBBS, MS",doctor0073@example.test,+91-9862906603
D0074,Dr. Sreya Kumar,Pediatrics,H009,9,"MBBS, DNB",doctor0074@example.test,+91-9836580682
D0075,Dr. Gokul Das,Gynecology,H005,17,"MBBS, MD",doctor0075@example.test,+91-9875829144
D0076,Dr. Rahul Kumar,Neurology,H001,22,"MBBS, DNB",doctor0076@example.test,+91-9891827614
D0077,Dr. Anjali Varghese,Orthopedics,H007,6,"MBBS, MS",doctor0077@example.test,+91-9815587825
D0078,Dr. Sreya Krishnan,Cardiology,H004,23,"MBBS, MS",doctor0078@example.test,+91-9833267818
D0079,Dr. Abhinav Nair,General Medicine,H006,6,"MBBS, DNB",doctor0079@example.test,+91-9861660590
D0080,Dr. Abhinav Nair,ENT,H004,18,"MBBS, MS",doctor0080@example.test,+91-9878232914
D0081,Dr. Riya Kumar,Dermatology,H009,6,"MBBS, MD",doctor0081@example.test,+91-9823240677
D0082,Dr. Amal Kumar,Dermatology,H008,7,"MBBS, MS",doctor0082@example.test,+91-9837327834
D0083,Dr. Asha Krishnan,Pediatrics,H008,5,"MBBS, MD",doctor0083@example.test,+91-9861202550
D0084,Dr. Sreya Nair,Cardiology,H004,12,"MBBS, MS",doctor0084@example.test,+91-9854392606
D0085,Dr. Amal Kumar,Gynecology,H003,17,"MBBS, MD",doctor0085@example.test,+91-9830928435
D0086,Dr. Amal Krishnan,Pulmonology,H003,13,"MBBS, DNB",doctor0086@example.test,+91-9886576546
D0087,Dr. Fathima Das,Pediatrics,H005,5,"MBBS, DNB",doctor0087@example.test,+91-9865517801
D0088,Dr. Nikhil Joseph,Orthopedics,H007,13,"MBBS, MS",doctor0088@example.test,+91-9811399851
D0089,Dr. Adarsh Pillai,General Medicine,H007,12,"MBBS, MD",doctor0089@example.test,+91-9895576828
D0090,Dr. Devika Joseph,Cardiology,H002,7,"MBBS, MD",doctor0090@example.test,+91-9882066827
D0091,Dr. Fathima Das,Dermatology,H006,14,"MBBS, MS",doctor0091@example.test,+91-9848445186
D0092,Dr. Fathima Menon,Pulmonology,H005,8,"MBBS, DNB",doctor0092@example.test,+91-9837128906
D0093,Dr. Anjali Thomas,Diabetology,H002,9,"MBBS, MS",doctor0093@example.test,+91-9814790926
D0094,Dr. Rahul Menon,Neurology,H008,12,"MBBS, MD",doctor0094@example.test,+91-9862085048
D0095,Dr. Meera Thomas,Cardiology,H003,18,"MBBS, MS",doctor0095@example.test,+91-9859781610
D0096,Dr. Adarsh Krishnan,Dermatology,H008,6,"MBBS, MS",doctor0096@example.test,+91-9877594636
D0097,Dr. Vishnu Nair,Pediatrics,H004,23,"MBBS, MD",doctor0097@example.test,+91-9830496460
D0098,Dr. Devika Kumar,Orthopedics,H006,19,"MBBS, MD",doctor0098@example.test,+91-9896454359
D0099,Dr. Gokul Pillai,Gynecology,H001,14,"MBBS, MS",doctor0099@example.test,+91-9818542875
D0100,Dr. Nikhil Kumar,Dermatology,H004,19,"MBBS, MD",doctor0100@example.test,+91-9869127002
